{
  "domain": "vanakvisa.com",
  "scan_level": "normal",
  "start_time": "2026-02-16T02:54:48.120727",
  "end_time": "2026-02-16T02:54:49.309385",
  "duration": "0:00:01.188658",
  "status": "completed",
  "error": null,
  "subdomains": {},
  "summary": {
    "total_subdomains": 0,
    "alive_services": 0,
    "unique_ips": [],
    "cdn_count": 0,
    "technologies": [],
    "wafs": [],
    "takeover_vulnerable": 0,
    "secrets_found": 0,
    "cloud_buckets": 0,
    "vulnerabilities": 0
  }
}